-- phpMyAdmin SQL Dump
-- version 5.1.1
-- https://www.phpmyadmin.net/
--
-- Servidor: 127.0.0.1:3306
-- Tiempo de generación: 24-10-2022 a las 16:57:06
-- Versión del servidor: 10.5.12-MariaDB-cll-lve
-- Versión de PHP: 7.2.34

SET SQL_MODE = "NO_AUTO_VALUE_ON_ZERO";
START TRANSACTION;
SET time_zone = "+00:00";


/*!40101 SET @OLD_CHARACTER_SET_CLIENT=@@CHARACTER_SET_CLIENT */;
/*!40101 SET @OLD_CHARACTER_SET_RESULTS=@@CHARACTER_SET_RESULTS */;
/*!40101 SET @OLD_COLLATION_CONNECTION=@@COLLATION_CONNECTION */;
/*!40101 SET NAMES utf8mb4 */;

--
-- Base de datos: `u790594714_loans`
--

-- --------------------------------------------------------

--
-- Estructura de tabla para la tabla `calendarypay`
--

CREATE TABLE `calendarypay` (
  `id` int(11) NOT NULL,
  `client_id` int(11) NOT NULL,
  `datePay` date NOT NULL
) ENGINE=MyISAM DEFAULT CHARSET=utf8mb4 COLLATE=utf8mb4_spanish_ci;

-- --------------------------------------------------------

--
-- Estructura de tabla para la tabla `client`
--

CREATE TABLE `client` (
  `client_id` int(11) NOT NULL,
  `fname` varchar(80) COLLATE utf8mb4_spanish_ci NOT NULL,
  `lname` varchar(80) COLLATE utf8mb4_spanish_ci NOT NULL,
  `numberPhone` varchar(20) COLLATE utf8mb4_spanish_ci NOT NULL,
  `id_doc` varchar(20) COLLATE utf8mb4_spanish_ci NOT NULL,
  `direction` varchar(75) COLLATE utf8mb4_spanish_ci NOT NULL,
  `thumbnail` mediumtext COLLATE utf8mb4_spanish_ci NOT NULL,
  `reg_date` varchar(20) COLLATE utf8mb4_spanish_ci NOT NULL,
  `user_id` int(11) NOT NULL
) ENGINE=MyISAM DEFAULT CHARSET=utf8mb4 COLLATE=utf8mb4_spanish_ci;

--
-- Volcado de datos para la tabla `client`
--

INSERT INTO `client` (`client_id`, `fname`, `lname`, `numberPhone`, `id_doc`, `direction`, `thumbnail`, `reg_date`, `user_id`) VALUES
(25, 'Amaury', 'Rodriguez ', '18276543', '76587123', '', '', 'Wed 03/11/2021', 3),
(71, 'Ysaura', 'Cuñi', '81425895018', '00116460460878876', 'Invivienda ', '', 'Fri 03/06/2022', 3),
(26, 'Yerica ', 'Cedeño', '184-987-8765', '127658987', '', '', 'Thu 04/11/2021', 3),
(63, 'Juana', 'Diaz', '612-661-6661', 'adasdsadsadsad', 'sdadsadasd', '', 'Wed 05/01/2022', 1),
(6, 'Wilberto', 'Balbuena', '+1 (829) 876-6782', '', '', '', 'Tue 02/11/2021', 3),
(7, 'David', 'Fermín cocho', '8499440149', ' D', 'Calle duarte', '', 'Tue 02/11/2021', 3),
(8, 'Luis de Jesús ', 'Barbería ', '(829) 851-06', '12', '', '', 'Tue 02/11/2021', 3),
(66, 'Mercedes ', 'Aquino', '849359848', '0011646046056', 'Respaldo Duarte ', '', 'Sat 19/03/2022', 3),
(11, 'Wilson', 'Javier quisenal ', '107', '1765', '', '', 'Tue 02/11/2021', 3),
(67, 'Antonia ', 'Herrera', '8096609687', '0011646000987766', 'Respaldo Duarte #14', '', 'Sat 02/04/2022', 3),
(13, 'Carlito', 'Ceramica ', '82-968-64766', '1239', '', '', 'Tue 02/11/2021', 3),
(14, 'Niurka ', 'Mañon ', '84-980-65646', '120009', '', '', 'Tue 02/11/2021', 3),
(68, 'Nelson ', 'Encarnacion', '8298897916', '0011646087777', 'Respaldo Duarte #14', '', 'Sun 08/05/2022', 3),
(18, 'Robert ', 'De los santos ', '187-8491', '78201', '', '', 'Tue 02/11/2021', 3),
(19, 'Indhira ', 'Balbuena', '849944014976', '98760', '', '', 'Wed 03/11/2021', 3),
(69, 'Marcos ', 'Castro ', '8094088032', '001164604678', 'Respaldo Duarte #14', '', 'Wed 11/05/2022', 3),
(22, 'Denny Pascual ', 'Morla', '8297456346', '76576544', 'Cerro', '', 'Wed 03/11/2021', 3),
(70, 'Guillermo ', 'Diaz Encarnacion ', '1849607650', '814258950', 'La caleta ', '', 'Fri 03/06/2022', 3),
(27, 'Gabriel', 'Coronado', '8099876543', '7651209877', '', '', 'Thu 04/11/2021', 3),
(28, 'Indhira balbuena ', 'Hermana ', '18487491', '182938', '', '', 'Thu 04/11/2021', 3),
(29, 'Lucy', 'Frito', '8293307000', '120987689', '', '', 'Thu 04/11/2021', 3),
(30, 'Victor ', 'Manuel ', '8096175152', '765909090', '', '', 'Thu 04/11/2021', 3),
(31, 'Pedro antonio ', 'Crisotomo ', '8299683637', '12095472665', '', '', 'Thu 04/11/2021', 3),
(32, 'Ramon', 'Rubio', '8297124088', '7651112554', '', '', 'Thu 04/11/2021', 3),
(33, 'Cesar', 'Augusto ', '8299654441', '8765788987', '', '', 'Fri 05/11/2021', 3),
(64, 'Teo', 'Vecino ', '8098661609', '12659899999', 'Respaldo Duarte #14', '', 'Thu 20/01/2022', 3),
(35, 'Albaro', 'Maxx', '8099060953', '876511112', '', '', 'Fri 05/11/2021', 3),
(36, 'Roseibys cesarína ', 'Perez ', '8098616616', '00116460460', '', '', 'Fri 05/11/2021', 0),
(55, 'Roseibys cesarína ', 'Perez ', '809861661612', '00116460460098', '', '', 'Sat 04/12/2021', 3),
(65, 'Guido', 'Castellano ', '829327463', '00100044320', 'Respaldo Duarte #14', '', 'Sat 05/02/2022', 3),
(39, 'Cristina ', 'Ribera ', '8293772480', '0011646046016543', '', '', 'Mon 08/11/2021', 0),
(56, 'Alexander ', 'Oisoe ', '809861661609', '00116460460876517', '', '', 'Wed 08/12/2021', 3),
(41, 'Ruth kendry ', 'Hernandez ', '8097288985', '00112360460', '', '', 'Mon 08/11/2021', 3),
(42, 'Maria ', 'Diaz ', '8492074572', '023316460460', '', '', 'Mon 08/11/2021', 3),
(60, 'Keila ', 'Moncion ', '8099142100', '001129289245', '', '', 'Fri 17/12/2021', 3),
(44, 'Vinicio ', 'Mejias', '8298762214', '23116460460', '', '', 'Mon 08/11/2021', 3),
(45, 'Rafa', 'Colmado', '184988765', '0011647809877', '', '', 'Mon 08/11/2021', 3),
(46, 'Karen', 'Comas ', '8099830605', '9887116460460', '', '', 'Mon 08/11/2021', 3),
(47, 'Agustin', 'Feliz', '8296891843', '63738939', '', '', 'Mon 08/11/2021', 3),
(62, 'dsadas', 'dsadsadas', '454-545-4545', 'sadsad', 'adsadas', '', 'Sat 01/01/2022', 1),
(49, 'Henriquez ', 'Bergal', '98887366', '73838277', '', '', 'Mon 08/11/2021', 3),
(50, 'Michael ', 'Santana barberia ', '8295257727', '001164601111', '', '', 'Mon 08/11/2021', 3),
(51, 'Willy ', 'Ramirez', '18409876890', '00116460460098776', '', '', 'Mon 08/11/2021', 3),
(52, 'Prueba', 'Prueba', '1849876554', '877547888', '', '', 'Wed 10/11/2021', 3),
(54, 'Lucas ', 'Hernandez ', '564322776', '76555577', '', '', 'Wed 24/11/2021', 3),
(58, 'El Guardia ', 'Negocio ', '829377248067', '636363663636', '', '', 'Thu 16/12/2021', 3),
(61, 'Junior lugo ', 'Mamador 1', '676543221', '089998776', '', '', 'Mon 20/12/2021', 3),
(72, 'Marcia ', 'Ramirez indhira ', '87654908765', '0011646087777122', 'Respaldo Duarte #14', '', 'Fri 17/06/2022', 3),
(73, 'Fani ', 'Herrera', '17654283883', '83736250988', 'Invivienda ', '', 'Tue 28/06/2022', 3),
(74, 'Albileni ', 'Encarnacion ', '1809956113', '1234098877', 'Boca chica ', '', 'Wed 29/06/2022', 3),
(75, 'Flor', 'Gonzales ', '1829931184', '00105580252', 'Respaldo Duarte #14', '', 'Thu 30/06/2022', 3),
(76, 'Junior lugo ', 'Esposa ', '1829726951', '001164604600001', 'La tablita', '', 'Sun 10/07/2022', 3),
(79, 'Any ', 'Rodriguez', '828888889', '010988373726', 'Resp duarte 13', '', 'Sun 02/10/2022', 3),
(78, 'Thomas ', 'Cabrera ', '1829806297', '0011646046072727727', 'La gallera ', '', 'Fri 05/08/2022', 3),
(80, 'Eusebio ', 'Coronado', '809-427-5020', '001 0267835 6', 'Respaldo Duarte #1412', '', 'Sat 15/10/2022', 3),
(81, 'Patria ', 'Encarnacion ', '182-975-2487', '22300428343', 'Respaldo Duarte #14', '', 'Tue 18/10/2022', 3),
(82, 'Rafael ', 'Garcias ', '809877887666', '0011646087777000', 'Respaldo Duarte #14', '', 'Wed 19/10/2022', 3);

-- --------------------------------------------------------

--
-- Estructura de tabla para la tabla `pagos`
--

CREATE TABLE `pagos` (
  `paid_id` int(11) NOT NULL,
  `client_id` int(11) NOT NULL,
  `prest_id` int(11) NOT NULL,
  `amount` int(11) NOT NULL,
  `payment` int(11) NOT NULL,
  `dues` int(11) NOT NULL,
  `paid_dues` int(11) NOT NULL,
  `arriers` int(11) NOT NULL,
  `payType` tinytext COLLATE utf8mb4_spanish_ci NOT NULL,
  `payMethod` varchar(20) COLLATE utf8mb4_spanish_ci NOT NULL,
  `date_paid` tinytext COLLATE utf8mb4_spanish_ci NOT NULL,
  `user_id` int(11) NOT NULL
) ENGINE=MyISAM DEFAULT CHARSET=utf8mb4 COLLATE=utf8mb4_spanish_ci;

--
-- Volcado de datos para la tabla `pagos`
--

INSERT INTO `pagos` (`paid_id`, `client_id`, `prest_id`, `amount`, `payment`, `dues`, `paid_dues`, `arriers`, `payType`, `payMethod`, `date_paid`, `user_id`) VALUES
(1, 3, 1, 4131, 0, 1, 1, 0, '1', 'Efectivo', '22/09/2021', 1),
(2, 1, 16, 3250, 0, 1, 1, 0, '1', 'Efectivo', '14/10/2021', 1),
(18, 2, 27, 370, 0, 1, 2, 0, '1', 'Efectivo', '14/10/2021', 1),
(17, 2, 27, 0, 100, 1, 1, 0, '1', 'Efectivo', '14/10/2021', 1),
(16, 2, 27, 100, 0, 0, 0, 0, '0', '', '14/10/2021', 1),
(440, 67, 178, 1000, 0, 0, 0, 0, '0', '', '16/06/2022', 3),
(531, 78, 242, 850, 0, 1, 2, 0, '1', 'Efectivo', '12/08/2022', 3),
(488, 61, 211, 1900, 0, 1, 3, 0, '1', 'Efectivo', '18/07/2022', 3),
(396, 67, 178, 1450, 0, 1, 1, 0, '1', 'Efectivo', '13/05/2022', 3),
(614, 8, 226, 1000, 0, 1, 9, 0, '1', 'Efectivo', '18/09/2022', 3),
(24, 10, 34, 3250, 0, 1, 1, 0, '1', 'Efectivo', '02/11/2021', 3),
(422, 55, 175, 1600, 0, 1, 6, 0, '1', 'Efectivo', '04/06/2022', 3),
(530, 78, 242, 850, 0, 1, 1, 0, '1', 'Efectivo', '12/08/2022', 3),
(519, 67, 178, 450, 2000, 1, 3, 0, '1', 'Efectivo', '01/08/2022', 3),
(308, 15, 110, 2600, 0, 1, 3, 0, '1', 'Efectivo', '18/02/2022', 3),
(593, 78, 242, 850, 0, 1, 5, 0, '1', 'Efectivo', '11/09/2022', 3),
(659, 66, 271, 1750, 0, 1, 1, 0, '1', 'Efectivo', '23/10/2022', 3),
(37, 17, 42, 1750, 0, 1, 1, 0, '1', 'Efectivo', '02/11/2021', 3),
(38, 17, 42, 1750, 0, 1, 2, 0, '1', 'Efectivo', '02/11/2021', 3),
(39, 17, 42, 1750, 0, 1, 3, 0, '1', 'Efectivo', '02/11/2021', 3),
(529, 8, 226, 1000, 0, 1, 3, 0, '1', 'Efectivo', '11/08/2022', 3),
(211, 48, 79, 5400, 0, 1, 1, 0, '1', 'Efectivo', '29/12/2021', 3),
(522, 8, 226, 1000, 0, 1, 2, 0, '1', 'Efectivo', '02/08/2022', 3),
(658, 76, 224, 3300, 0, 1, 6, 0, '1', 'Efectivo', '23/10/2022', 3),
(449, 64, 185, 2400, 0, 1, 1, 0, '1', 'Efectivo', '22/06/2022', 3),
(518, 73, 212, 450, 0, 1, 1, 0, '1', 'Efectivo', '01/08/2022', 3),
(132, 17, 42, 1750, 0, 1, 6, 0, '1', 'Efectivo', '23/11/2021', 3),
(130, 10, 34, 3250, 0, 1, 4, 0, '1', 'Efectivo', '23/11/2021', 3),
(407, 18, 168, 2500, 0, 1, 4, 0, '1', 'Efectivo', '22/05/2022', 3),
(290, 60, 114, 16000, 0, 2, 8, 0, '1', 'Efectivo', '05/02/2022', 3),
(112, 17, 42, 1750, 0, 1, 5, 0, '1', 'Efectivo', '15/11/2021', 3),
(638, 75, 256, 1650, 0, 1, 2, 0, '1', 'Efectivo', '09/10/2022', 3),
(55, 20, 46, 1450, 0, 1, 1, 0, '1', 'Efectivo', '03/11/2021', 3),
(304, 65, 150, 1750, 0, 1, 2, 0, '1', 'Efectivo', '17/02/2022', 3),
(58, 2, 27, 404, 0, 1, 3, 34, '1', 'Efectivo', '03/11/2021', 1),
(59, 2, 48, 2850, 0, 1, 1, 0, '1', 'Efectivo', '03/11/2021', 1),
(60, 2, 48, 2850, 0, 1, 2, 0, '1', 'Efectivo', '03/11/2021', 1),
(611, 22, 240, 3250, 0, 1, 3, 0, '1', 'Efectivo', '17/09/2022', 3),
(146, 10, 34, 3250, 0, 1, 5, 0, '1', 'Efectivo', '01/12/2021', 3),
(193, 10, 34, 3250, 0, 1, 7, 0, '1', 'Efectivo', '19/12/2021', 3),
(630, 7, 255, 1650, 0, 1, 1, 0, '1', 'Efectivo', '02/10/2022', 3),
(125, 20, 46, 1450, 0, 1, 3, 0, '1', 'Efectivo', '21/11/2021', 3),
(651, 22, 240, 3250, 0, 1, 4, 0, '1', 'Efectivo', '18/10/2022', 3),
(296, 9, 33, 4800, 0, 1, 2, 0, '1', 'Efectivo', '09/02/2022', 3),
(281, 24, 124, 2800, 0, 1, 1, 0, '1', 'Efectivo', '31/01/2022', 3),
(70, 32, 61, 1500, 0, 0, 0, 0, '0', '', '04/11/2021', 3),
(71, 37, 65, 1500, 0, 1, 1, 0, '1', 'Efectivo', '05/11/2021', 3),
(72, 37, 65, 1500, 0, 1, 2, 0, '1', 'Efectivo', '05/11/2021', 3),
(73, 37, 65, 1500, 0, 1, 3, 0, '1', 'Efectivo', '05/11/2021', 3),
(74, 37, 65, 1500, 0, 1, 4, 0, '1', 'Efectivo', '05/11/2021', 3),
(75, 37, 65, 1500, 0, 1, 5, 0, '1', 'Efectivo', '05/11/2021', 3),
(76, 37, 65, 1500, 0, 1, 6, 0, '1', 'Efectivo', '05/11/2021', 3),
(77, 37, 65, 1500, 0, 1, 7, 0, '1', 'Efectivo', '05/11/2021', 3),
(443, 55, 175, 1600, 0, 1, 8, 0, '1', 'Efectivo', '18/06/2022', 3),
(409, 55, 175, 1600, 0, 1, 4, 0, '1', 'Efectivo', '22/05/2022', 3),
(656, 75, 256, 1650, 0, 1, 4, 0, '1', 'Efectivo', '22/10/2022', 3),
(657, 61, 211, 1900, 0, 1, 15, 0, '1', 'Efectivo', '23/10/2022', 3),
(378, 18, 168, 2500, 0, 1, 2, 0, '1', 'Efectivo', '28/04/2022', 3),
(331, 65, 150, 1800, 0, 1, 4, 0, '1', 'Efectivo', '09/03/2022', 3),
(642, 11, 263, 4000, 0, 1, 1, 0, '1', 'Efectivo', '12/10/2022', 3),
(209, 10, 34, 6500, 0, 2, 9, 0, '1', 'Efectivo', '28/12/2021', 3),
(578, 25, 199, 1600, 0, 1, 3, 0, '1', 'Efectivo', '01/09/2022', 3),
(650, 69, 261, 1500, 0, 1, 3, 0, '1', 'Efectivo', '18/10/2022', 3),
(397, 55, 175, 1600, 0, 1, 3, 0, '1', 'Efectivo', '15/05/2022', 3),
(321, 65, 150, 1700, 0, 1, 3, 0, '1', 'Efectivo', '28/02/2022', 3),
(629, 74, 213, 2800, 0, 0, 0, 0, '0', '', '01/10/2022', 3),
(122, 31, 60, 3050, 0, 0, 0, 0, '0', '', '17/11/2021', 3),
(521, 61, 211, 1900, 0, 1, 5, 0, '1', 'Efectivo', '02/08/2022', 3),
(139, 17, 42, 1750, 0, 1, 7, 0, '1', 'Efectivo', '30/11/2021', 3),
(114, 10, 34, 3250, 0, 1, 3, 0, '1', 'Efectivo', '16/11/2021', 3),
(98, 20, 46, 1450, 0, 1, 2, 0, '1', 'Efectivo', '08/11/2021', 3),
(99, 32, 61, 1500, 0, 0, 0, 0, '0', '', '08/11/2021', 3),
(439, 71, 194, 1750, 0, 1, 1, 0, '1', 'Efectivo', '16/06/2022', 3),
(103, 43, 73, 0, 0, 5, 5, 0, '1', 'Efectivo', '08/11/2021', 3),
(640, 69, 261, 1500, 0, 1, 2, 0, '1', 'Efectivo', '10/10/2022', 3),
(641, 51, 244, 1000, 0, 1, 5, 0, '1', 'Efectivo', '12/10/2022', 3),
(111, 17, 42, 1750, 0, 1, 4, 0, '1', 'Efectivo', '15/11/2021', 3),
(108, 10, 34, 3250, 0, 1, 2, 0, '1', 'Efectivo', '10/11/2021', 3),
(110, 37, 65, 1500, 0, 1, 8, 0, '1', 'Efectivo', '12/11/2021', 3),
(565, 78, 242, 850, 0, 1, 3, 0, '1', 'Efectivo', '26/08/2022', 3),
(535, 61, 211, 1900, 0, 1, 6, 0, '1', 'Efectivo', '15/08/2022', 3),
(469, 61, 211, 1900, 0, 1, 1, 0, '1', 'Efectivo', '05/07/2022', 3),
(152, 6, 30, 700, 0, 1, 1, 0, '1', 'Efectivo', '03/12/2021', 3),
(280, 15, 110, 2600, 0, 1, 2, 0, '1', 'Efectivo', '31/01/2022', 3),
(269, 63, 146, 28750, 0, 1, 1, 0, '1', 'Efectivo', '25/01/2022', 1),
(303, 24, 124, 2800, 0, 1, 2, 0, '1', 'Efectivo', '17/02/2022', 3),
(572, 41, 159, 2000, 0, 0, 0, 0, '0', '', '31/08/2022', 3),
(157, 56, 103, 3600, 0, 1, 1, 0, '1', 'Efectivo', '08/12/2021', 3),
(289, 65, 150, 1750, 0, 1, 1, 0, '1', 'Efectivo', '05/02/2022', 3),
(533, 8, 226, 1000, 0, 1, 4, 0, '1', 'Efectivo', '15/08/2022', 3),
(163, 9, 33, 1, 0, 1, 1, 0, '1', 'Efectivo', '11/12/2021', 3),
(479, 41, 159, 2100, 0, 0, 0, 0, '0', '', '15/07/2022', 3),
(654, 11, 263, 4000, 0, 1, 2, 0, '1', 'Efectivo', '20/10/2022', 3),
(166, 29, 58, 1, 0, 1, 1, 0, '1', 'Efectivo', '11/12/2021', 3),
(167, 31, 60, 1, 3050, 1, 1, 0, '1', 'Efectivo', '11/12/2021', 3),
(168, 32, 61, 1, 3000, 1, 1, 0, '1', 'Efectivo', '11/12/2021', 3),
(169, 34, 63, 1, 0, 1, 1, 0, '1', 'Efectivo', '11/12/2021', 3),
(637, 30, 191, 2000, 0, 0, 0, 0, '0', '', '07/10/2022', 3),
(171, 45, 76, 1, 0, 1, 1, 0, '1', 'Efectivo', '12/12/2021', 3),
(528, 13, 222, 400, 0, 1, 1, 0, '1', 'Efectivo', '11/08/2022', 3),
(173, 47, 78, 1, 0, 1, 1, 0, '1', 'Efectivo', '12/12/2021', 3),
(174, 49, 80, 1, 0, 1, 1, 0, '1', 'Efectivo', '12/12/2021', 3),
(568, 8, 226, 1000, 0, 1, 6, 0, '1', 'Efectivo', '30/08/2022', 3),
(639, 79, 267, 1000, 0, 0, 0, 0, '0', '', '10/10/2022', 3),
(428, 55, 175, 1600, 0, 1, 7, 0, '1', 'Efectivo', '13/06/2022', 3),
(180, 10, 34, 3250, 0, 1, 6, 0, '1', 'Efectivo', '14/12/2021', 3),
(182, 17, 42, 1750, 0, 1, 8, 0, '1', 'Efectivo', '16/12/2021', 3),
(628, 35, 248, 6500, 0, 1, 2, 0, '1', 'Efectivo', '01/10/2022', 3),
(517, 71, 239, 900, 0, 1, 1, 0, '1', 'Efectivo', '01/08/2022', 3),
(613, 61, 211, 1900, 0, 1, 11, 0, '1', 'Efectivo', '18/09/2022', 3),
(567, 61, 211, 1900, 0, 1, 8, 0, '1', 'Efectivo', '30/08/2022', 3),
(190, 60, 114, 40830, 0, 5, 5, 0, '1', 'Efectivo', '17/12/2021', 3),
(191, 60, 114, 8000, 0, 1, 6, 0, '1', 'Efectivo', '17/12/2021', 3),
(412, 67, 178, 1375, 0, 1, 2, 0, '1', 'Efectivo', '27/05/2022', 3),
(195, 20, 46, 2900, 0, 2, 5, 0, '1', 'Efectivo', '20/12/2021', 3),
(196, 57, 109, 1200, 0, 1, 1, 0, '1', 'Efectivo', '20/12/2021', 3),
(499, 61, 211, 1900, 0, 1, 4, 0, '1', 'Efectivo', '25/07/2022', 3),
(385, 18, 168, 2500, 0, 1, 3, 0, '1', 'Efectivo', '04/05/2022', 3),
(391, 55, 175, 1600, 0, 1, 2, 0, '1', 'Efectivo', '08/05/2022', 3),
(380, 55, 175, 1600, 0, 1, 1, 0, '1', 'Efectivo', '01/05/2022', 3),
(516, 71, 194, 1755, 1000, 1, 2, 0, '1', 'Efectivo', '01/08/2022', 3),
(234, 10, 34, 3250, 0, 1, 10, 0, '1', 'Efectivo', '04/01/2022', 3),
(368, 18, 168, 2500, 0, 1, 1, 0, '1', 'Efectivo', '19/04/2022', 3),
(624, 61, 211, 1900, 0, 1, 12, 0, '1', 'Efectivo', '25/09/2022', 3),
(414, 55, 175, 1600, 0, 1, 5, 0, '1', 'Efectivo', '28/05/2022', 3),
(623, 8, 226, 3000, 0, 3, 12, 0, '1', 'Efectivo', '25/09/2022', 3),
(459, 25, 199, 1600, 0, 1, 1, 0, '1', 'Efectivo', '01/07/2022', 3),
(627, 75, 256, 1650, 0, 1, 1, 0, '1', 'Efectivo', '01/10/2022', 3),
(273, 52, 134, 5000, 0, 1, 1, 0, '1', 'Efectivo', '27/01/2022', 3),
(498, 8, 226, 1000, 0, 1, 1, 0, '1', 'Efectivo', '25/07/2022', 3),
(542, 76, 224, 6000, 0, 2, 3, 0, '1', 'Efectivo', '17/08/2022', 3),
(249, 15, 110, 2600, 0, 1, 1, 0, '1', 'Efectivo', '05/01/2022', 3),
(506, 25, 199, 1600, 0, 1, 2, 0, '1', 'Efectivo', '29/07/2022', 3),
(507, 30, 191, 1000, 0, 0, 0, 0, '0', '', '29/07/2022', 3),
(500, 56, 103, 5400, 0, 0, 0, 0, '0', '', '25/07/2022', 3),
(648, 68, 269, 3000, 0, 1, 1, 0, '1', 'Efectivo', '17/10/2022', 3),
(348, 60, 114, 8000, 0, 1, 9, 0, '1', 'Efectivo', '25/03/2022', 3),
(621, 78, 242, 850, 0, 1, 8, 0, '1', 'Efectivo', '23/09/2022', 3),
(649, 61, 211, 1900, 0, 1, 14, 0, '1', 'Efectivo', '17/10/2022', 3),
(601, 35, 248, 6500, 0, 1, 1, 0, '1', 'Efectivo', '15/09/2022', 3),
(645, 14, 265, 3800, 0, 1, 1, 0, '1', 'Efectivo', '15/10/2022', 3),
(462, 52, 134, 500, 0, 1, 3, 0, '1', 'Efectivo', '02/07/2022', 3),
(461, 52, 134, 500, 0, 1, 2, 0, '1', 'Efectivo', '02/07/2022', 3),
(505, 74, 213, 2000, 0, 0, 0, 0, '0', '', '29/07/2022', 3),
(655, 50, 241, 3500, 0, 1, 5, 0, '1', 'Efectivo', '20/10/2022', 3),
(476, 61, 211, 1900, 0, 1, 2, 0, '1', 'Efectivo', '10/07/2022', 3),
(372, 60, 114, 8000, 0, 1, 10, 0, '1', 'Efectivo', '25/04/2022', 3),
(451, 60, 114, 8000, 0, 1, 11, 0, '1', 'Efectivo', '22/06/2022', 3),
(452, 56, 103, 5040, 0, 0, 0, 0, '0', '', '27/06/2022', 3),
(453, 30, 191, 4000, 0, 0, 0, 0, '0', '', '27/06/2022', 3),
(489, 76, 224, 3300, 0, 1, 1, 0, '1', 'Efectivo', '18/07/2022', 3),
(490, 71, 194, 1000, 0, 0, 0, 0, '0', '', '18/07/2022', 3),
(491, 67, 178, 1000, 0, 0, 0, 0, '0', '', '18/07/2022', 3),
(612, 76, 224, 6500, 0, 2, 5, 0, '1', 'Efectivo', '18/09/2022', 3),
(600, 56, 103, 5400, 0, 0, 0, 0, '0', '', '14/09/2022', 3),
(653, 31, 257, 9000, 0, 0, 0, 0, '0', '', '19/10/2022', 3),
(546, 50, 241, 3500, 0, 1, 1, 0, '1', 'Efectivo', '17/08/2022', 3),
(547, 22, 240, 3250, 0, 1, 1, 0, '1', 'Efectivo', '18/08/2022', 3),
(548, 67, 178, 1050, 0, 0, 0, 0, '0', '', '18/08/2022', 3),
(549, 73, 212, 1050, 0, 0, 0, 0, '0', '', '18/08/2022', 3),
(635, 51, 244, 1000, 0, 1, 4, 0, '1', 'Efectivo', '04/10/2022', 3),
(634, 50, 241, 3500, 0, 1, 4, 0, '1', 'Efectivo', '04/10/2022', 3),
(598, 51, 244, 1000, 0, 1, 2, 0, '1', 'Efectivo', '13/09/2022', 3),
(644, 67, 178, 1000, 0, 0, 0, 0, '0', '', '15/10/2022', 3),
(618, 78, 242, 850, 0, 1, 7, 0, '1', 'Efectivo', '23/09/2022', 3),
(647, 7, 255, 1650, 0, 1, 2, 0, '1', 'Efectivo', '16/10/2022', 3),
(558, 51, 244, 1000, 0, 1, 1, 0, '1', 'Efectivo', '22/08/2022', 3),
(626, 25, 199, 1600, 0, 1, 4, 0, '1', 'Efectivo', '01/10/2022', 3),
(560, 61, 211, 1900, 0, 1, 7, 0, '1', 'Efectivo', '22/08/2022', 3),
(561, 8, 226, 1000, 0, 1, 5, 0, '1', 'Efectivo', '22/08/2022', 3),
(563, 74, 213, 2200, 0, 0, 0, 0, '0', '', '26/08/2022', 3),
(579, 50, 241, 3500, 0, 1, 2, 0, '1', 'Efectivo', '01/09/2022', 3),
(632, 61, 211, 1900, 0, 1, 13, 0, '1', 'Efectivo', '02/10/2022', 3),
(636, 31, 257, 5050, 0, 0, 0, 0, '0', '', '04/10/2022', 3),
(582, 78, 242, 850, 0, 1, 4, 0, '1', 'Efectivo', '03/09/2022', 3),
(583, 61, 211, 1900, 0, 1, 9, 0, '1', 'Efectivo', '05/09/2022', 3),
(584, 22, 240, 3250, 0, 1, 2, 0, '1', 'Efectivo', '05/09/2022', 3),
(585, 8, 226, 1000, 0, 1, 7, 0, '1', 'Efectivo', '05/09/2022', 3),
(599, 51, 244, 1000, 0, 1, 3, 0, '1', 'Efectivo', '13/09/2022', 3),
(646, 75, 256, 1650, 0, 1, 3, 0, '1', 'Efectivo', '16/10/2022', 3),
(643, 73, 212, 800, 0, 0, 0, 0, '0', '', '15/10/2022', 3),
(590, 30, 191, 2000, 0, 0, 0, 0, '0', '', '08/09/2022', 3),
(594, 61, 211, 1900, 0, 1, 10, 0, '1', 'Efectivo', '11/09/2022', 3),
(595, 8, 226, 1000, 0, 1, 8, 0, '1', 'Efectivo', '11/09/2022', 3),
(604, 78, 242, 850, 0, 1, 6, 0, '1', 'Efectivo', '16/09/2022', 3),
(625, 73, 212, 1800, 0, 0, 0, 0, '0', '', '30/09/2022', 3),
(633, 69, 261, 1500, 0, 1, 1, 0, '1', 'Efectivo', '04/10/2022', 3),
(615, 50, 241, 3500, 0, 1, 3, 0, '1', 'Efectivo', '18/09/2022', 3),
(616, 67, 178, 1000, 0, 0, 0, 0, '0', '', '18/09/2022', 3);

-- --------------------------------------------------------

--
-- Estructura de tabla para la tabla `prestamos`
--

CREATE TABLE `prestamos` (
  `prest_id` int(11) NOT NULL,
  `amount` int(11) NOT NULL,
  `interest` int(11) NOT NULL,
  `month` int(11) NOT NULL,
  `paymode` int(11) NOT NULL,
  `int_generated` int(11) NOT NULL,
  `sumatory` int(11) NOT NULL,
  `dues` int(11) NOT NULL,
  `total` int(11) NOT NULL,
  `payment` int(11) NOT NULL,
  `amount_paid` int(11) NOT NULL,
  `paid_dues` int(11) NOT NULL,
  `arriers` int(11) NOT NULL,
  `date_p` tinytext COLLATE utf8mb4_spanish_ci NOT NULL,
  `hour` int(11) NOT NULL,
  `day` varchar(3) COLLATE utf8mb4_spanish_ci NOT NULL,
  `pmonth` varchar(3) COLLATE utf8mb4_spanish_ci NOT NULL,
  `year` tinytext COLLATE utf8mb4_spanish_ci NOT NULL,
  `lastPayDate` varchar(50) COLLATE utf8mb4_spanish_ci NOT NULL,
  `lastPayDay` int(11) NOT NULL,
  `nextPay` int(11) NOT NULL,
  `nextTime` tinytext COLLATE utf8mb4_spanish_ci NOT NULL,
  `pay_status` int(11) NOT NULL,
  `client_id` int(11) NOT NULL,
  `user_id` int(11) NOT NULL
) ENGINE=MyISAM DEFAULT CHARSET=utf8mb4 COLLATE=utf8mb4_spanish_ci;

--
-- Volcado de datos para la tabla `prestamos`
--

INSERT INTO `prestamos` (`prest_id`, `amount`, `interest`, `month`, `paymode`, `int_generated`, `sumatory`, `dues`, `total`, `payment`, `amount_paid`, `paid_dues`, `arriers`, `date_p`, `hour`, `day`, `pmonth`, `year`, `lastPayDate`, `lastPayDay`, `nextPay`, `nextTime`, `pay_status`, `client_id`, `user_id`) VALUES
(30, 2300, 20, 1, 1, 460, 2760, 1, 2760, 0, 700, 1, 0, '02/11/2021', 0, '02', '11', '', '03/12/2021', 336, 366, '02/01/2022', 0, 6, 3),
(248, 30000, 10, 3, 2, 9000, 39000, 6, 6500, 0, 13000, 2, 0, '28/08/2022', 0, '28', '08', '', '01/10/2022', 273, 288, '16/10/2022', 1, 35, 3),
(159, 8400, 15, 1, 1, 1260, 9660, 1, 9660, 4100, 0, 0, 0, '21/03/2022', 0, '21', '03', '', '', 0, 0, '', 0, 41, 3),
(146, 100000, 15, 1, 4, 15000, 115000, 4, 28750, 0, 28750, 1, 0, '25/01/2022', 0, '25', '01', '', '25/01/2022', 24, 31, '01/02/2022', 1, 63, 1),
(242, 5000, 18, 2, 4, 1800, 6800, 8, 850, 0, 6800, 8, 0, '05/08/2022', 0, '05', '08', '', '23/09/2022', 265, 272, '30/09/2022', 1, 78, 3),
(178, 6950, 15, 1, 1, 1043, 7993, 1, 7993, 5050, 3275, 3, 0, '29/04/2022', 0, '29', '04', '', '01/08/2022', 212, 242, '31/08/2022', 0, 67, 3),
(211, 25000, 10, 5, 4, 12500, 37500, 20, 1875, 0, 28500, 15, 0, '27/06/2022', 0, '27', '06', '', '23/10/2022', 295, 302, '30/10/2022', 1, 61, 3),
(261, 5000, 20, 1, 4, 1000, 6000, 4, 1500, 0, 4500, 3, 0, '26/09/2022', 0, '26', '09', '', '18/10/2022', 290, 297, '25/10/2022', 1, 69, 3),
(264, 7200, 20, 1, 1, 1440, 8640, 1, 8640, 0, 0, 0, 0, '28/09/2022', 0, '28', '09', '', '', 0, 0, '', 0, 33, 3),
(273, 22000, 10, 3, 4, 6600, 28600, 12, 2383, 0, 0, 0, 0, '19/10/2022', 0, '19', '10', '', '', 0, 0, '', 0, 82, 3),
(222, 3000, 20, 1, 1, 600, 3600, 1, 3600, 0, 400, 1, 0, '09/07/2022', 0, '09', '07', '', '11/08/2022', 222, 252, '10/09/2022', 1, 13, 3),
(254, 30000, 10, 5, 2, 15000, 45000, 10, 4500, 0, 0, 0, 0, '16/09/2022', 0, '16', '09', '', '', 0, 0, '', 0, 19, 3),
(265, 21000, 10, 4, 2, 8400, 29400, 8, 3675, 0, 3800, 1, 0, '30/09/2022', 0, '30', '09', '', '15/10/2022', 287, 302, '30/10/2022', 1, 14, 3),
(270, 5000, 13, 1, 1, 650, 5650, 1, 5650, 0, 0, 0, 0, '15/10/2022', 0, '15', '10', '', '', 0, 0, '', 0, 80, 3),
(256, 12000, 15, 3, 4, 4500, 16500, 10, 1650, 0, 6600, 4, 0, '21/09/2022', 0, '21', '09', '', '22/10/2022', 294, 301, '29/10/2022', 1, 75, 3),
(207, 50000, 13, 1, 1, 6500, 56500, 1, 56500, 0, 0, 0, 0, '19/06/2022', 0, '19', '06', '', '', 0, 0, '', 0, 27, 3),
(249, 18000, 10, 5, 2, 9000, 27000, 10, 2700, 0, 0, 0, 0, '31/08/2022', 0, '31', '08', '', '', 0, 0, '', 0, 28, 3),
(199, 4000, 15, 4, 1, 2400, 6400, 4, 1600, 0, 6400, 4, 0, '09/06/2022', 0, '09', '06', '', '01/10/2022', 273, 303, '31/10/2022', 1, 25, 3),
(259, 12000, 15, 1, 1, 1800, 13800, 1, 13800, 0, 0, 0, 0, '23/09/2022', 0, '23', '09', '', '', 0, 0, '', 0, 35, 3),
(266, 5000, 10, 1, 1, 500, 5500, 1, 5500, 0, 0, 0, 0, '02/10/2022', 0, '02', '10', '', '', 0, 0, '', 0, 70, 3),
(267, 1000, 20, 1, 1, 200, 1200, 1, 1200, 1000, 0, 0, 0, '02/10/2022', 0, '02', '10', '', '', 0, 0, '', 0, 79, 3),
(262, 2000, 20, 1, 1, 400, 2400, 1, 2400, 0, 0, 0, 0, '26/09/2022', 0, '26', '09', '', '', 0, 0, '', 0, 13, 3),
(213, 3000, 10, 1, 1, 300, 3300, 1, 3300, 7000, 0, 0, 0, '29/06/2022', 0, '29', '06', '', '', 0, 0, '', 0, 74, 3),
(191, 1000, 20, 1, 1, 200, 1200, 1, 1200, 9000, 0, 0, 0, '27/05/2022', 0, '27', '05', '', '', 0, 0, '', 0, 30, 3),
(58, 2500, 20, 1, 1, 500, 3000, 1, 3000, 0, 1, 1, 0, '04/11/2021', 0, '04', '11', '', '11/12/2021', 344, 374, '10/01/2022', 0, 29, 3),
(60, 22900, 10, 1, 1, 2290, 25190, 1, 25190, 3050, 1, 1, 0, '04/11/2021', 0, '04', '11', '', '11/12/2021', 344, 374, '10/01/2022', 0, 31, 3),
(61, 4500, 1, 1, 1, 45, 4545, 1, 4545, 3000, 1, 1, 0, '04/11/2021', 0, '04', '11', '', '11/12/2021', 344, 374, '10/01/2022', 0, 32, 3),
(194, 900, 17, 1, 1, 153, 1053, 1, 1053, 1000, 3505, 2, 0, '03/06/2022', 0, '03', '06', '', '01/08/2022', 212, 227, '16/08/2022', 1, 71, 3),
(175, 10000, 14, 2, 4, 2800, 12800, 8, 1600, 0, 12800, 8, 0, '18/04/2022', 0, '18', '04', '', '18/06/2022', 168, 175, '25/06/2022', 1, 55, 3),
(115, 2000, 20, 1, 1, 400, 2400, 1, 2400, 0, 0, 0, 0, '17/12/2021', 0, '17', '12', '', '', 0, 380, '16/01/2022', 0, 60, 3),
(269, 10000, 10, 2, 2, 2000, 12000, 4, 3000, 0, 3000, 1, 0, '10/10/2022', 0, '10', '10', '', '17/10/2022', 289, 304, '01/11/2022', 1, 68, 3),
(224, 25000, 10, 6, 2, 15000, 40000, 12, 3333, 0, 19100, 6, 0, '10/07/2022', 0, '10', '07', '', '23/10/2022', 295, 310, '07/11/2022', 1, 76, 3),
(268, 10000, 15, 3, 2, 4500, 14500, 6, 2417, 0, 0, 0, 0, '03/10/2022', 0, '03', '10', '', '', 0, 0, '', 0, 72, 3),
(212, 2325, 15, 1, 1, 349, 2674, 1, 2674, 3650, 450, 1, 0, '28/06/2022', 0, '28', '06', '', '01/08/2022', 212, 242, '31/08/2022', 0, 73, 3),
(239, 900, 0, 1, 1, 0, 900, 1, 900, 0, 900, 1, 0, '01/08/2022', 0, '01', '08', '', '01/08/2022', 212, 242, '31/08/2022', 1, 71, 3),
(69, 15000, 10, 3, 4, 4500, 19500, 12, 1625, 0, 0, 0, 0, '08/11/2021', 0, '08', '11', '', '', 0, 318, '15/11/2021', 0, 39, 0),
(271, 15000, 13, 3, 4, 5850, 20850, 12, 1738, 0, 1750, 1, 0, '16/10/2022', 0, '16', '10', '', '23/10/2022', 295, 302, '30/10/2022', 1, 66, 3),
(169, 5000, 15, 1, 1, 750, 5750, 1, 5750, 0, 0, 0, 0, '10/04/2022', 0, '10', '04', '', '', 0, 0, '', 0, 45, 3),
(190, 7500, 20, 1, 1, 1500, 9000, 1, 9000, 0, 0, 0, 0, '27/05/2022', 0, '27', '05', '', '', 0, 0, '', 0, 58, 3),
(114, 50000, 8, 12, 1, 48000, 98000, 12, 8166, 0, 88830, 11, 0, '17/12/2021', 0, '17', '12', '', '22/06/2022', 172, 202, '22/07/2022', 0, 60, 3),
(76, 15000, 10, 1, 1, 1500, 16500, 1, 16500, 0, 1, 1, 0, '08/11/2021', 0, '08', '11', '', '12/12/2021', 345, 375, '11/01/2022', 0, 45, 3),
(78, 3800, 1, 1, 1, 38, 3838, 1, 3838, 0, 1, 1, 0, '08/11/2021', 0, '08', '11', '', '12/12/2021', 345, 375, '11/01/2022', 0, 47, 3),
(80, 11500, 20, 1, 1, 2300, 13800, 1, 13800, 0, 1, 1, 0, '08/11/2021', 0, '08', '11', '', '12/12/2021', 345, 375, '11/01/2022', 0, 49, 3),
(272, 3000, 15, 1, 2, 450, 3450, 2, 1725, 0, 0, 0, 0, '18/10/2022', 0, '18', '10', '', '', 0, 0, '', 0, 81, 3),
(257, 10950, 10, 1, 1, 1095, 12045, 1, 12045, 14050, 0, 0, 0, '21/09/2022', 0, '21', '09', '', '', 0, 0, '', 0, 31, 3),
(241, 26000, 10, 6, 2, 15600, 41600, 12, 3467, 0, 17500, 5, 0, '03/08/2022', 0, '03', '08', '', '20/10/2022', 292, 307, '04/11/2022', 1, 50, 3),
(93, 21700, 1, 1, 1, 217, 21917, 1, 21917, 0, 0, 0, 0, '24/11/2021', 0, '24', '11', '', '', 0, 357, '24/12/2021', 0, 54, 3),
(226, 8000, 17, 3, 4, 4080, 12080, 12, 1007, 0, 12000, 12, 0, '18/07/2022', 0, '18', '07', '', '25/09/2022', 267, 274, '02/10/2022', 0, 8, 3),
(185, 2000, 20, 1, 1, 400, 2400, 1, 2400, 0, 2400, 1, 0, '15/05/2022', 0, '15', '05', '', '22/06/2022', 172, 202, '22/07/2022', 1, 64, 3),
(240, 10000, 15, 2, 2, 3000, 13000, 4, 3250, 0, 13000, 4, 0, '03/08/2022', 0, '03', '08', '', '18/10/2022', 290, 305, '02/11/2022', 1, 22, 3),
(103, 103250, 7, 1, 1, 7228, 110478, 1, 110478, 15840, 3600, 1, 0, '08/12/2021', 0, '08', '12', '', '08/12/2021', 341, 371, '07/01/2022', 1, 56, 3),
(150, 10000, 20, 2, 4, 4000, 14000, 8, 1750, 0, 7000, 4, 0, '05/02/2022', 0, '05', '02', '', '09/03/2022', 67, 74, '16/03/2022', 0, 65, 3),
(244, 6750, 10, 2, 4, 1350, 8100, 8, 1013, 0, 5000, 5, 0, '18/08/2022', 0, '18', '08', '', '12/10/2022', 284, 291, '19/10/2022', 0, 51, 3),
(134, 22000, 10, 3, 4, 6600, 28600, 12, 2383, 0, 6000, 3, 0, '09/01/2022', 0, '09', '01', '', '02/07/2022', 182, 189, '09/07/2022', 0, 52, 3),
(168, 30000, 13, 5, 4, 19500, 49500, 20, 2475, 0, 10000, 4, 0, '06/04/2022', 0, '06', '04', '', '22/05/2022', 141, 148, '29/05/2022', 1, 18, 3),
(255, 5000, 16, 2, 2, 1600, 6600, 4, 1650, 0, 3300, 2, 0, '17/09/2022', 0, '17', '09', '', '16/10/2022', 288, 303, '31/10/2022', 1, 7, 3),
(263, 30000, 11, 3, 4, 8250, 38250, 10, 3825, 0, 8000, 2, 0, '26/09/2022', 0, '26', '09', '', '20/10/2022', 292, 299, '27/10/2022', 1, 11, 3);

-- --------------------------------------------------------

--
-- Estructura de tabla para la tabla `usuarios`
--

CREATE TABLE `usuarios` (
  `user_id` int(11) NOT NULL,
  `uName` varchar(75) COLLATE utf8mb4_spanish_ci NOT NULL,
  `lName` varchar(75) COLLATE utf8mb4_spanish_ci NOT NULL,
  `userName` varchar(16) COLLATE utf8mb4_spanish_ci NOT NULL,
  `uMail` varchar(75) COLLATE utf8mb4_spanish_ci NOT NULL,
  `uNumber` varchar(13) COLLATE utf8mb4_spanish_ci NOT NULL,
  `uPass` tinytext COLLATE utf8mb4_spanish_ci NOT NULL,
  `rDate` varchar(30) COLLATE utf8mb4_spanish_ci NOT NULL,
  `days` int(11) NOT NULL,
  `uDb` int(11) NOT NULL,
  `amount_arriers` int(11) NOT NULL,
  `daysToArriers` int(11) NOT NULL,
  `logo` tinytext COLLATE utf8mb4_spanish_ci NOT NULL,
  `notification` int(11) NOT NULL,
  `payAmount` varchar(10) COLLATE utf8mb4_spanish_ci NOT NULL DEFAULT '10',
  `status` tinyint(1) NOT NULL,
  `lastPayment` int(11) NOT NULL
) ENGINE=MyISAM DEFAULT CHARSET=utf8mb4 COLLATE=utf8mb4_spanish_ci;

--
-- Volcado de datos para la tabla `usuarios`
--

INSERT INTO `usuarios` (`user_id`, `uName`, `lName`, `userName`, `uMail`, `uNumber`, `uPass`, `rDate`, `days`, `uDb`, `amount_arriers`, `daysToArriers`, `logo`, `notification`, `payAmount`, `status`, `lastPayment`) VALUES
(1, 'Michael', 'Encarnacion', 'mc13', 'michaelenc.personal@gmail.com', '8493445432', '$2y$10$3ilCHYb/94bq1PwPbwzm3eaqKSl2/xUuPdBcimQWh7OaI7Zc19fgy', 'Wed 22/09/2021', 0, 0, 15, 0, 'logo_1.png', 1, '0.01', 1, 0),
(3, 'Welisngton ', 'Encarnacion ', 'Wencarnacion', 'welisngton001@hotmail.com', '8299142100', '$2y$10$8RTZIrxl5clE.Nlj9.gZmeudL5uYZigBUgCh2.6Zuzz5Bl.aVho3K', 'Tue 02/11/2021', 30, 0, 0, 0, '', 0, '10', 1, 30);

--
-- Índices para tablas volcadas
--

--
-- Indices de la tabla `calendarypay`
--
ALTER TABLE `calendarypay`
  ADD PRIMARY KEY (`id`);

--
-- Indices de la tabla `client`
--
ALTER TABLE `client`
  ADD PRIMARY KEY (`client_id`);

--
-- Indices de la tabla `pagos`
--
ALTER TABLE `pagos`
  ADD PRIMARY KEY (`paid_id`);

--
-- Indices de la tabla `prestamos`
--
ALTER TABLE `prestamos`
  ADD PRIMARY KEY (`prest_id`);

--
-- Indices de la tabla `usuarios`
--
ALTER TABLE `usuarios`
  ADD PRIMARY KEY (`user_id`);

--
-- AUTO_INCREMENT de las tablas volcadas
--

--
-- AUTO_INCREMENT de la tabla `calendarypay`
--
ALTER TABLE `calendarypay`
  MODIFY `id` int(11) NOT NULL AUTO_INCREMENT;

--
-- AUTO_INCREMENT de la tabla `client`
--
ALTER TABLE `client`
  MODIFY `client_id` int(11) NOT NULL AUTO_INCREMENT, AUTO_INCREMENT=83;

--
-- AUTO_INCREMENT de la tabla `pagos`
--
ALTER TABLE `pagos`
  MODIFY `paid_id` int(11) NOT NULL AUTO_INCREMENT, AUTO_INCREMENT=660;

--
-- AUTO_INCREMENT de la tabla `prestamos`
--
ALTER TABLE `prestamos`
  MODIFY `prest_id` int(11) NOT NULL AUTO_INCREMENT, AUTO_INCREMENT=274;

--
-- AUTO_INCREMENT de la tabla `usuarios`
--
ALTER TABLE `usuarios`
  MODIFY `user_id` int(11) NOT NULL AUTO_INCREMENT, AUTO_INCREMENT=4;
COMMIT;

/*!40101 SET CHARACTER_SET_CLIENT=@OLD_CHARACTER_SET_CLIENT */;
/*!40101 SET CHARACTER_SET_RESULTS=@OLD_CHARACTER_SET_RESULTS */;
/*!40101 SET COLLATION_CONNECTION=@OLD_COLLATION_CONNECTION */;
